freedom,freedom,govt_trust,govt_trust,economic_status,economic_status,social_support,social_support,life_expectancy,life_expectancy,generosity,generosity
mean,median,mean,median,mean,median,mean,median,mean,median,mean,median
-0.05277786854065747,0.0786847405545278,-0.39764838195648605,-0.4941589781508764,0.2604128690490716,0.2253309121699261,0.3288002859527392,0.4034247630786028,0.32128322058957454,0.357418773735518,-0.4552253981342288,-0.6005259684397491
1.0282492140931851,1.048375471631465,1.6995384776327003,1.680269513494061,1.0137186328322962,0.8956247221747452,0.7900638997731286,0.8567365631515561,0.8370141566710304,0.876088266568412,0.8927539914323979,0.7486247906635325
-0.5092614706006889,-0.3760667747091389,-0.31892760131114534,-0.3874385613830267,-1.028287914893676,-1.07041715622704,-1.013362860974024,-0.9456062295783636,-1.028014324153402,-1.0694515861394638,0.24736483065043643,0.1095533784567147
